"","x"
"inteligencia",108
"artificial",105
"gente",90
"trabalho",89
"pessoas",87
"empregos",81
"humanos",70
"hoje",64
"acredito",62
"pode",61
"maquina",59
"coisas",56
"tecnologia",52
"emprego",48
"alguns",42
"mundo",41
"humano",41
"tipos",40
"tempo",38
"dia",37
"algumas",35
"forma",33
"fazer",32
"reduzir",31
"humana",29
"audio",29
"anos",28
"maior",28
"trabalhos",28
"tudo",28
"substituir",28
"questao",28
"sempre",27
"vinte",27
"realidade",27
"tendencia",27
"robos",27
"todos",27
"exemplo",27
"sobre",27
"coisa",26
"outros",25
"trabalhar",25
"outra",24
"profissoes",24
"principalmente",24
"melhor",24
"conta",24
"ainda",24
"dados",24
"agora",24
"novas",23
"menos",23
"maquinas",23
"eletricidade",22
"outras",22
"profissionais",22
"oportunidades",22
"novos",21
"industria",21
"bastante",21
"futuro",21
"pouco",21
"muitos",21
"quantidade",19
"visao",19
"dois",19
"vou",19
"cinco",18
"desafio",18
"porcento",18
"todo",18
"grande",18
"frente",18
"rapido",17
"nunca",17
"areas",17
"fato",17
"servico",17
"muitas",17
"antes",17
"seres",17
"humanidade",16
"mudar",16
"cliente",16
"tipo",16
"certeza",16
"onde",16
"capacidade",16
"vida",16
"seguinte",16
"robo",16
"alem",16
"mao",16
"qualquer",15
"revolucoes",15
"gerar",15
"mercado",15
"padroes",15
"sociedade",15
"poder",15
"carro",15
"longo",15
"substituicao",15
"evolucao",15
"historia",14
"demanda",14
"haver",14
"servicos",14
"processos",14
"tarefas",14
"verdade",14
"pra",14
"precisa",14
"decisoes",14
"parte",14
"deixar",14
"necessidade",13
"surgiram",13
"pessoa",13
"cara",13
"processo",13
"empresa",13
"opiniao",13
"bem",13
"obra",13
"horas",13
"prazo",13
"disse",13
"acabar",12
"certa",12
"empatia",12
"desaparecer",12
"aprendizado",12
"inclusive",12
"tema",12
"momento",12
"pesquisa",12
"questoes",12
"relacao",12
"realmente",12
"existir",12
"casa",12
"mil",12
"devera",11
"quarenta",11
"supera",11
"tecnologicas",11
"atendimento",11
"envolvem",11
"limitada",11
"ano",11
"aprender",11
"ira",11
"repetitivas",11
"seis",11
"computadores",11
"faz",11
"quatro",11
"bom",11
"desde",11
"simples",11
"todas",11
"diz",11
"assim",11
"agente",11
"quanto",11
"transcricao",11
"brasil",11
"daqui",11
"exclusao",11
"cognitiva",11
"total",11
"acabaram",10
"costura",10
"invencao",10
"motor",10
"quinze",10
"sabedoria",10
"vapor",10
"eletronicas",10
"necessitam",10
"substituidas",10
"funcoes",10
"acontecendo",10
"lugar",10
"vamos",10
"apenas",10
"ajudar",10
"deve",10
"vezes",10
"pergunta",10
"vem",10
"certo",10
"dessa",10
"dizer",10
"producao",10
"noventa",10
"decisao",10
"humanas",10
"melhores",10
"emocoes",10
"motoristas",10
"anteriores",9
"tati",9
"acontecer",9
"cinquenta",9
"disso",9
"nesse",9
"saber",9
"subiu",9
"algum",9
"analisar",9
"atividades",9
"criar",9
"existem",9
"partir",9
"hora",9
"ver",9
"substituidos",9
"vagas",9
"flac",9
"wav",9
"jovens",9
"mudanca",9
"tecnologias",9
"social",9
"palavras",9
"posicoes",9
"periodo",9
"operamos",8
"conseguisse",8
"contadores",8
"dinheiro",8
"area",8
"trinta",8
"presente",8
"entendeu",8
"algoritmo",8
"comportamento",8
"pensar",8
"compras",8
"segundo",8
"medida",8
"propria",8
"sei",8
"outro",8
"buscar",8
"rapida",8
"ana",8
"roubar",8
"cem",8
"junto",8
"repetitivos",8
"apesar",8
"inteligente",8
"possibilidade",8
"desejos",8
"evolucoes",7
"ala",7
"necessario",7
"substituido",7
"vista",7
"semana",7
"acordo",7
"criados",7
"duas",7
"informacoes",7
"mente",7
"nenhum",7
"passado",7
"candidatos",7
"faco",7
"fala",7
"chance",7
"mantem",7
"tirando",7
"chegar",7
"lado",7
"responder",7
"linha",7
"adaptar",7
"oportunidade",7
"grupo",7
"robotizacao",7
"algo",7
"dias",7
"sendo",7
"possivel",7
"mano",7
"melhorar",7
"automacao",7
"oito",7
"revolucao",7
"inclusao",7
"nada",6
"situacoes",6
"terceiro",6
"falar",6
"robotica",6
"vendo",6
"atividade",6
"setor",6
"frila",6
"front",6
"analise",6
"ferramenta",6
"identificar",6
"possa",6
"sabe",6
"entender",6
"inteligentes",6
"transformacao",6
"traz",6
"acidente",6
"cerebro",6
"funcionar",6
"proprio",6
"ruim",6
"sete",6
"mulher",6
"aplicativo",6
"querem",6
"talvez",6
"termos",6
"caixa",6
"diminuir",6
"passa",6
"problema",6
"reduziu",6
"trabalha",6
"novo",6
"precisar",6
"preocupacao",6
"empresas",6
"ato",6
"pegar",6
"agregar",6
"beneficio",6
"acoes",6
"mecanica",6
"metal",6
"tecnica",6
"tornar",6
"automatizados",6
"beleza",6
"evoluindo",6
"evoluir",6
"longe",6
"proximos",6
"economia",6
"enquanto",6
"milhoes",6
"atras",6
"advogados",6
"financas",6
"vir",6
"regar",6
"complexidade",6
"qualidade",6
"assuntos",5
"entende",5
"relacionados",5
"funcao",5
"geral",5
"livre",5
"substitui",5
"custo",5
"entrando",5
"paga",5
"ajuda",5
"alguem",5
"aplicacoes",5
"caso",5
"complexas",5
"imagine",5
"passar",5
"porem",5
"possam",5
"previsao",5
"reconhecimento",5
"tentar",5
"base",5
"colocar",5
"comeca",5
"dentro",5
"fica",5
"informacao",5
"respeito",5
"utilizar",5
"vozes",5
"acredita",5
"ali",5
"cerca",5
"depende",5
"emocional",5
"nova",5
"padrao",5
"perder",5
"mando",5
"televisao",5
"abastece",5
"acha",5
"aqui",5
"manutencao",5
"paciente",5
"pressao",5
"aumentar",5
"calculos",5
"surgir",5
"nivel",5
"provavelmente",5
"pois",5
"espacos",5
"continuar",5
"reduzindo",5
"adaptacao",5
"agencia",5
"beneficios",5
"numero",5
"carros",5
"ponto",5
"enfim",5
"salarios",5
"formas",4
"partes",4
"havera",4
"mesa",4
"substituem",4
"artificiais",4
"consegui",4
"conseguir",4
"final",4
"organizar",4
"acontece",4
"algoritmos",4
"atraves",4
"casos",4
"cotidiano",4
"dai",4
"desses",4
"epoca",4
"existe",4
"grandes",4
"internet",4
"necessaria",4
"podemos",4
"podera",4
"voz",4
"assunto",4
"chegou",4
"comeco",4
"contratar",4
"entrar",4
"fazendo",4
"homem",4
"pensa",4
"quarta",4
"quer",4
"tal",4
"tanto",4
"uso",4
"varios",4
"alta",4
"consegue",4
"estrategia",4
"feito",4
"geralmente",4
"lucro",4
"numeros",4
"reais",4
"bonecos",4
"pessoal",4
"relacionando",4
"relacionar",4
"extinguir",4
"nota",4
"tambem",4
"vivendo",4
"voce",4
"dono",4
"medio",4
"roubando",4
"rombo",4
"tecido",4
"rombos",4
"estrategicos",4
"facilitar",4
"viu",4
"duvida",4
"acompanhado",4
"embora",4
"encontrar",4
"automatizado",4
"questeo",4
"perdendo",4
"neo",4
"insercao",4
"nÂº",4
"tamanho",4
"resposta",4
"beira",4
"ciencias",4
"ligadas",4
"nove",4
"surgira",4
"transporte",4
"iram",4
"criacao",4
"gartner",4
"habilidades",4
"usando",4
"virgula",4
"gerados",4
"salario",4
"contra",4
"ideia",4
"ideias",4
"seculo",4
"assustador",4
"bons",4
"competir",4
"compreender",4
"constatou",4
"corretamente",4
"decadas",4
"desse",4
"entes",4
"escolhas",4
"especial",4
"espirito",4
"industrial",4
"inicio",4
"jogo",4
"modalidades",4
"reconhecer",4
"sabemos",4
"medo",4
"calma",4
"colaboradores",4
"escala",4
"gestao",4
"larga",4
"bio",4
"ferias",4
"mudancas",4
"polemicas",4
"produzir",4
"fugiram",4
"nao",4
"ave",3
"comigo",3
"contrapartida",3
"criando",3
"folhas",3
"freio",3
"incomuns",3
"juncao",3
"manual",3
"recentes",3
"reducao",3
"ritmo",3
"site",3
"acionando",3
"acrescentam",3
"certamente",3
"deixa",3
"exercer",3
"feridos",3
"melhorando",3
"performance",3
"permanencia",3
"pro",3
"relutar",3
"repetidas",3
"sinha",3
"substituira",3
"avancar",3
"cansaco",3
"direitos",3
"entramos",3
"pagando",3
"automoveis",3
"desemprego",3
"gerais",3
"montadora",3
"quantas",3
"regioes",3
"terminal",3
"automobilistica",3
"ramos",3
"ajudalos",3
"amo",3
"cobrao",3
"cobrem",3
"conseguirem",3
"darem",3
"desenvolvimento",3
"equipe",3
"falta",3
"juntado",3
"kit",3
"nela",3
"optei",3
"pagou",3
"pedro",3
"pequeno",3
"prosseguimento",3
"pudim",3
"quiserem",3
"ultima",3
"urgentes",3
"avaliar",3
"baseado",3
"campo",3
"comum",3
"decada",3
"digitais",3
"ensinar",3
"exatamente",3
"filtro",3
"fisicas",3
"midias",3
"onze",3
"poderia",3
"possibilitando",3
"quais",3
"variaveis",3
"amazon",3
"branca",3
"chegamos",3
"conceitos",3
"digital",3
"femininas",3
"fisica",3
"forca",3
"gol",3
"logo",3
"loja",3
"longas",3
"matt",3
"oficial",3
"seguranca",3
"seria",3
"superar",3
"unidos",3
"utilizando",3
"vaga",3
"basicamente",3
"contador",3
"dar",3
"eficaz",3
"faca",3
"gerenciamento",3
"grafico",3
"maximo",3
"movimento",3
"operar",3
"perca",3
"prejuizo",3
"regiao",3
"sistema",3
"supor",3
"trezentos",3
"valor",3
"boneca",3
"desta",3
"falando",3
"perda",3
"relacionamento",3
"terra",3
"acontecem",3
"acostumando",3
"ame",3
"antigo",3
"artesanal",3
"autoatendimento",3
"caixas",3
"cargos",3
"colegio",3
"estacionamento",3
"exercidos",3
"guiches",3
"observadora",3
"pagamento",3
"pedido",3
"rapidas",3
"redacao",3
"respostas",3
"substituindo",3
"totalmente",3
"afasta",3
"botar",3
"causado",3
"combustivel",3
"fabricas",3
"frentista",3
"metade",3
"montado",3
"mundial",3
"operador",3
"posto",3
"preventiva",3
"reclamar",3
"muita",3
"balcao",3
"minimo",3
"comer",3
"haia",3
"manha",3
"praia",3
"quiser",3
"redescobrir",3
"viajar",3
"entra",3
"desenvolver",3
"razao",3
"amos",3
"bando",3
"tra",3
"trabalhadores",3
"alguma",3
"capitalismo",3
"gera",3
"inteiro",3
"real",3
"avanco",3
"correr",3
"automatizaeeo",3
"calibri",3
"colortbl",3
"generator",3
"helveticaffnilfcharset",3
"mequina",3
"mequinas",3
"pardsaslslmultcfhighlightflangpar",3
"pardwidctlparsaslslmultcfhighlightffs",3
"redgreenblueredgreenblue",3
"riched",3
"rtfansiansicpgdeffnouicompatdeflangfonttblffswissfprqfcharset",3
"viewkinduc",3
"pensarmos",3
"teo",3
"vive",3
"achar",3
"tarde",3
"ata",3
"auxiliar",3
"desfavor",3
"encontro",3
"fugir",3
"havendo",3
"iamos",3
"imaginaria",3
"insistem",3
"pai",3
"pulsante",3
"qatar",3
"quente",3
"sobem",3
"tata",3
"utilizacao",3
"vivencia",3
"vivenciar",3
"almeja",3
"conseguem",3
"dependia",3
"detem",3
"encenacao",3
"entendo",3
"escapatoria",3
"excepcionais",3
"exclusivamente",3
"ferramentas",3
"informatizada",3
"inumeras",3
"inumeros",3
"missao",3
"musicas",3
"objetivas",3
"qualitativa",3
"quantitative",3
"suprimiu",3
"abracao",3
"acaba",3
"acesso",3
"antigamente",3
"aumenta",3
"cargo",3
"completas",3
"condicao",3
"deteccao",3
"diminuindo",3
"espero",3
"estarem",3
"existente",3
"favor",3
"faziam",3
"juntos",3
"loss",3
"mamar",3
"massa",3
"melhorem",3
"negao",3
"obriga",3
"opcao",3
"post",3
"proporcionado",3
"proximo",3
"refluir",3
"tende",3
"verao",3
"aconselhamento",3
"altamente",3
"aplicacao",3
"avancos",3
"bilhoes",3
"capazes",3
"centro",3
"dezenove",3
"fator",3
"firma",3
"impacto",3
"material",3
"mostra",3
"operacionais",3
"previsoes",3
"trabalhador",3
"argumenta",3
"cento",3
"cumprir",3
"diferentes",3
"fabrica",3
"requerem",3
"serem",3
"sorte",3
"autonomos",3
"barato",3
"boa",3
"capaz",3
"celular",3
"comecar",3
"companhia",3
"computador",3
"gostaria",3
"seguro",3
"tomada",3
"evitar",3
"estudar",3
"foco",3
"causa",3
"desempenho",3
"erros",3
"accao",3
"aceleracao",3
"apostar",3
"automatico",3
"caminhar",3
"carga",3
"compassado",3
"condizente",3
"conforme",3
"crise",3
"cultura",3
"disposicao",3
"entorno",3
"especialmente",3
"existira",3
"fim",3
"horaria",3
"jatos",3
"mamao",3
"merece",3
"necessidades",3
"ontem",3
"otimizado",3
"partindo",3
"pensam",3
"projetos",3
"quita",3
"radium",3
"reorganizar",3
"suprir",3
"tendo",3
"toda",3
"urgencia",3
"vigia",3
"formato",3
"original",3
"manter",3
"superamos",2
"receptivo",2
"decimo",2
"dominassem",2
"assina",2
"descartado",2
"ousar",2
"senhas",2
"anterior",2
"associadas",2
"atribuir",2
"classificacao",2
"classificacoes",2
"confiavel",2
"dito",2
"etc",2
"meio",2
"meios",2
"meis",2
"modelo",2
"nesses",2
"neste",2
"parametros",2
"regras",2
"seguida",2
"serie",2
"supervisionado",2
"tomar",2
"usados",2
"utiliza",2
"utilizado",2
"vendas",2
"abrir",2
"ajudasse",2
"aumento",2
"bush",2
"comanda",2
"crimes",2
"dica",2
"dispositivos",2
"diversidade",2
"doze",2
"edificio",2
"entregam",2
"episodio",2
"estar",2
"excesso",2
"facial",2
"fez",2
"genero",2
"governo",2
"imagens",2
"interessante",2
"king",2
"lojas",2
"masculinas",2
"mim",2
"negras",2
"plataforma",2
"posso",2
"preconceito",2
"preconceitos",2
"preferir",2
"promover",2
"quarto",2
"reage",2
"recomendar",2
"relacoes",2
"responde",2
"texto",2
"vivem",2
"aprimorado",2
"banca",2
"cerdo",2
"cia",2
"erro",2
"experiencia",2
"ficar",2
"financeiro",2
"funciona",2
"media",2
"naquela",2
"quatrocentos",2
"quero",2
"redondos",2
"simplesmente",2
"tecnico",2
"temporal",2
"tendencias",2
"usar",2
"zero",2
"assessor",2
"boneco",2
"femininos",2
"figura",2
"incentivo",2
"marido",2
"orientais",2
"perfeita",2
"perfeito",2
"querer",2
"recebi",2
"rota",2
"sentimental",2
"acreditamos",2
"buscala",2
"contido",2
"entendedor",2
"enternece",2
"ganha",2
"henfil",2
"maoobra",2
"mulherinha",2
"perguntavam",2
"prancha",2
"profano",2
"quis",2
"submarinas",2
"uns",2
"vento",2
"voo",2
"arrumou",2
"bailar",2
"comissao",2
"hebe",2
"ilha",2
"supermercado",2
"tendeu",2
"testado",2
"veados",2
"corrigir",2
"falhas",2
"impressao",2
"surgirao",2
"iguais",2
"leva",2
"roupa",2
"dado",2
"dominar",2
"nessa",2
"operacional",2
"baseados",2
"contato",2
"diminuem",2
"emocionais",2
"relacionadas",2
"campos",2
"cair",2
"construir",2
"bracais",2
"capacitados",2
"especializada",2
"habilitados",2
"nenhuma",2
"perigosos",2
"possibilidades",2
"rotineiros",2
"aconteceu",2
"alto",2
"cha",2
"danos",2
"escolaridade",2
"especificacoes",2
"lei",2
"pronta",2
"provavel",2
"receber",2
"sofrer",2
"livros",2
"automatizacao",2
"selo",2
"vigencia",2
"troca",2
"automatizadas",2
"esteo",2
"parede",2
"pequenas",2
"sentido",2
"vassoura",2
"ligar",2
"afetividade",2
"arte",2
"asas",2
"ataques",2
"atenas",2
"carencia",2
"chico",2
"critico",2
"diversas",2
"emprega",2
"enorme",2
"filosofia",2
"funcionario",2
"mesma",2
"pat",2
"psicologia",2
"reduzira",2
"somente",2
"seram",2
"aplicada",2
"associados",2
"construcao",2
"consumidores",2
"doenca",2
"eliminando",2
"especialista",2
"montagem",2
"postos",2
"preferem",2
"qualificadas",2
"varejistas",2
"credito",2
"especialistas",2
"frei",2
"gerente",2
"imoveis",2
"risco",2
"sessenta",2
"acao",2
"acidentes",2
"cancer",2
"companhias",2
"legal",2
"medicina",2
"milhao",2
"quilometros",2
"taxi",2
"tradicionais",2
"usada",2
"veiculos",2
"negativa",2
"acima",2
"adaptados",2
"admirar",2
"adquirisse",2
"advogado",2
"africana",2
"agricultura",2
"ameacas",2
"apresar",2
"atalhos",2
"atente",2
"atos",2
"banqueiros",2
"bestas",2
"bioquimico",2
"bioquimicos",2
"boas",2
"bruna",2
"capacitativo",2
"carencias",2
"chiste",2
"ciencia",2
"circuitos",2
"cobicados",2
"cocao",2
"cognitivo",2
"comentam",2
"competirao",2
"comportamental",2
"compreendermos",2
"compreensao",2
"comunicar",2
"conflitantes",2
"consideravelmente",2
"contudo",2
"convulsao",2
"copa",2
"creem",2
"criado",2
"crucial",2
"cuja",2
"demandem",2
"desatentos",2
"descomodo",2
"diferente",2
"dificil",2
"dirigir",2
"disto",2
"divinamente",2
"economicamente",2
"elo",2
"eminencia",2
"emprestar",2
"emprestimo",2
"entanto",2
"entenda",2
"envolve",2
"esmagar",2
"estabeleca",2
"estrada",2
"estranhos",2
"exemplos",2
"exigindo",2
"facao",2
"fisco",2
"fiz",2
"flores",2
"fraca",2
"fracione",2
"franca",2
"garoto",2
"gullit",2
"heuristica",2
"idade",2
"ineptos",2
"infundada",2
"insegura",2
"instabilidades",2
"instituo",2
"intuicao",2
"intuicoes",2
"investimento",2
"jogao",2
"kings",2
"manterao",2
"mantiveram",2
"manuais",2
"maria",2
"mario",2
"massivo",2
"materializar",2
"matico",2
"mecanismos",2
"medios",2
"misterioso",2
"misticos",2
"mocar",2
"mudarao",2
"natureza",2
"negociacao",2
"negociar",2
"neurociencia",2
"neuronios",2
"noroeste",2
"obvios",2
"organismos",2
"parceiros",2
"pareciam",2
"passear",2
"passou",2
"patacho",2
"pecem",2
"pedestres",2
"peitos",2
"pensava",2
"perdas",2
"perdido",2
"perfeitos",2
"permitiu",2
"pinhao",2
"popularidade",2
"possuiam",2
"pressentimentos",2
"pretende",2
"probabilidades",2
"propalada",2
"prosperidade",2
"quase",2
"quimicos",2
"razoes",2
"recorrentes",2
"recriam",2
"redundantes",2
"reforcam",2
"remontam",2
"resulta",2
"rio",2
"rios",2
"river",2
"robotico",2
"rua",2
"savana",2
"sequencia",2
"sexuais",2
"soa",2
"sociais",2
"subir",2
"sumir",2
"supostamente",2
"sustentam",2
"sustento",2
"temores",2
"tentam",2
"tente",2
"titas",2
"tomadores",2
"tomam",2
"transito",2
"trapaceiros",2
"ultimas",2
"ultrapassados",2
"unico",2
"veiculo",2
"visoes",2
"vocalizam",2
"logica",2
"programacao",2
"resolver",2
"rmpttwaopusmp",2
"abrindo",2
"aceitavel",2
"acompanha",2
"adaptativo",2
"aderentes",2
"ajudando",2
"analises",2
"aperfeicoar",2
"banco",2
"buscou",2
"cancao",2
"competencias",2
"computacional",2
"curador",2
"custos",2
"daquilo",2
"diversos",2
"energia",2
"estrategica",2
"estrategico",2
"etapas",2
"explorar",2
"ganhar",2
"imensa",2
"investido",2
"mercados",2
"minimizar",2
"naquilo",2
"preco",2
"preditiva",2
"proveito",2
"recrutamento",2
"revolucionar",2
"selecao",2
"seletivos",2
"testar",2
"tirar",2
"tornando",2
"treinamento",2
"abril",2
"alimentos",2
"ama",2
"aprovado",2
"atirar",2
"ban",2
"bangu",2
"bilionario",2
"bill",2
"bis",2
"bomba",2
"cabides",2
"caminho",2
"cassacao",2
"chamada",2
"chen",2
"ciclos",2
"comemos",2
"comentarios",2
"compita",2
"concentrar",2
"concorda",2
"consequentemente",2
"consumo",2
"cumpre",2
"declaracao",2
"declarou",2
"der",2
"descobrir",2
"deslocamento",2
"disseminado",2
"dominio",2
"eficientes",2
"eliminar",2
"entrevista",2
"envia",2
"escolhe",2
"espalhada",2
"esperar",2
"faziamos",2
"ficarem",2
"finas",2
"fogo",2
"fox",2
"funes",2
"governos",2
"guindos",2
"ibis",2
"identifica",2
"implica",2
"importante",2
"imprime",2
"interesses",2
"iria",2
"levado",2
"ludico",2
"macro",2
"maduro",2
"manso",2
"mercearia",2
"monte",2
"objetivo",2
"obrigar",2
"orcamento",2
"pagam",2
"pedir",2
"penso",2
"perfil",2
"permissao",2
"popo",2
"presenca",2
"produto",2
"programas",2
"projeto",2
"proposta",2
"provocar",2
"questionar",2
"rapidos",2
"recente",2
"relaxar",2
"repensar",2
"sentar",2
"solucao",2
"terem",2
"unidade",2
"utilizador",2
"vender",2
"vingar",2
"visco",2
"vivi",2
"volta",2
"ares",2
"artesaos",2
"aspectos",2
"atrair",2
"bravo",2
"caracteristicas",2
"chamado",2
"compradores",2
"conectividade",2
"criam",2
"daqueles",2
"desaparecimento",2
"disputando",2
"dominada",2
"festa",2
"folha",2
"fugindo",2
"improvisa",2
"industriais",2
"invadiram",2
"ladrao",2
"locomotivas",2
"manifestantes",2
"manuseio",2
"maquinario",2
"mecanico",2
"menor",2
"messianicos",2
"natural",2
"novidade",2
"oitocentos",2
"operarios",2
"pontos",2
"pressoes",2
"publicitarios",2
"quebraram",2
"realizar",2
"segundos",2
"surdas",2
"tres",2
"ultimos",2
"virao",2
"viverao",2
"adoece",2
"aumente",1
"pagas",1
"conhecendo",1
"lake",1
"lamarca",1
"rede",1
"abordado",1
"abordagem",1
"acai",1
"adotar",1
"ampla",1
"aperfeicoamento",1
"apreendidos",1
"aprendizagem",1
"arthur",1
"assad",1
"atualmente",1
"barrados",1
"buscas",1
"caindo",1
"carl",1
"citar",1
"coletados",1
"comercio",1
"comuns",1
"confiaveis",1
"consumimos",1
"cortando",1
"damos",1
"dando",1
"desuso",1
"detectados",1
"determinadas",1
"dispendioso",1
"dominavam",1
"encontradas",1
"ensinalas",1
"espanque",1
"especificas",1
"estudos",1
"executar",1
"expansao",1
"explicitamente",1
"face",1
"filmes",1
"fizemos",1
"fornecer",1
"funcionamento",1
"haviam",1
"impactos",1
"indicando",1
"infinidade",1
"levou",1
"luz",1
"motores",1
"necessarias",1
"necessita",1
"obtidos",1
"parametro",1
"parecer",1
"perguntamos",1
"poderiamos",1
"popularizou",1
"primeira",1
"produtos",1
"programados",1
"quantidades",1
"queira",1
"recebesse",1
"recomendacoes",1
"relacionamentos",1
"sai",1
"samuel",1
"seguir",1
"sido",1
"sinaliza",1
"siri",1
"sistemas",1
"tenta",1
"tornaria",1
"trazer",1
"usamos",1
"usuario",1
"utilizam",1
"abraco",1
"aconteceram",1
"alienar",1
"altair",1
"amanha",1
"americana",1
"aplicativos",1
"assado",1
"atravessando",1
"autonomia",1
"avaliacao",1
"bar",1
"basico",1
"bercario",1
"bobagem",1
"book",1
"brigo",1
"calorosas",1
"ceu",1
"chamava",1
"cidade",1
"colhedoras",1
"colocada",1
"comercializa",1
"comercializavel",1
"comparacao",1
"confianca",1
"conhecer",1
"considera",1
"construidos",1
"conversa",1
"corpulencia",1
"cruzeiros",1
"cuidado",1
"dee",1
"deic",1
"deixe",1
"desafios",1
"deste",1
"destes",1
"diferencas",1
"discriminacao",1
"dispositivo",1
"edicao",1
"emma",1
"encantadoras",1
"esquece",1
"exatos",1
"falasse",1
"falho",1
"feminina",1
"filas",1
"fissao",1
"fomento",1
"formacoes",1
"forte",1
"frio",1
"galera",1
"giza",1
"gordos",1
"goza",1
"gran",1
"guiando",1
"guy",1
"henry",1
"hit",1
"homens",1
"horrivel",1
"inda",1
"inspecoes",1
"instigado",1
"institutos",1
"insurgente",1
"interesse",1
"internados",1
"internamente",1
"internamento",1
"jaquetas",1
"jung",1
"juro",1
"justas",1
"legais",1
"liceu",1
"lidando",1
"long",1
"lulu",1
"mac",1
"magras",1
"maluca",1
"mande",1
"masculina",1
"moldando",1
"moldar",1
"negra",1
"norte",1
"objetos",1
"orson",1
"percebe",1
"percentuais",1
"pergunto",1
"perpetuar",1
"pluma",1
"podem",1
"politicas",1
"porto",1
"prisao",1
"projetil",1
"propensao",1
"propensos",1
"puma",1
"quitados",1
"raca",1
"recado",1
"reconhecidas",1
"redes",1
"refino",1
"regencia",1
"reincidencia",1
"requisito",1
"revela",1
"revista",1
"ruins",1
"salvalos",1
"saque",1
"seca",1
"sensacional",1
"sentencas",1
"solicitacoes",1
"steve",1
"sugestao",1
"surpresa",1
"taxa",1
"temas",1
"templo",1
"tim",1
"titulo",1
"traco",1
"trazem",1
"trazida",1
"trem",1
"trouxe",1
"urgente",1
"utilize",1
"valiosos",1
"veio",1
"vende",1
"vigiadas",1
"vinculos",1
"virtuais",1
"visto",1
"werneck",1
"zen",1
"abaixo",1
"acertou",1
"achatar",1
"acionado",1
"acostumado",1
"adquirida",1
"adultos",1
"alcance",1
"andam",1
"apostando",1
"apostas",1
"aproveite",1
"arrancado",1
"aumentando",1
"auxilio",1
"binaria",1
"brancas",1
"cansado",1
"cansados",1
"cedente",1
"cervos",1
"chego",1
"ciclicas",1
"citologico",1
"clinica",1
"cobre",1
"coca",1
"cola",1
"colocala",1
"considero",1
"consigo",1
"continua",1
"contrata",1
"controle",1
"dan",1
"daquele",1
"decretar",1
"dengue",1
"dentre",1
"determinado",1
"determinar",1
"dicas",1
"dizem",1
"dor",1
"duramente",1
"empirica",1
"empregando",1
"ensinando",1
"expressivo",1
"facilidades",1
"fal",1
"favoravel",1
"fazenda",1
"ficou",1
"fomentando",1
"fotos",1
"gradativamente",1
"impora",1
"impostos",1
"imprevisiveis",1
"inclui",1
"intervencao",1
"ivo",1
"justamente",1
"keynes",1
"lena",1
"lucros",1
"marte",1
"maximizar",1
"momentos",1
"morena",1
"mostrando",1
"mostrar",1
"naquelas",1
"nasce",1
"observar",1
"onda",1
"opcoes",1
"operacao",1
"operacoes",1
"pagao",1
"param",1
"parece",1
"pedia",1
"pele",1
"percebi",1
"perdesse",1
"perdi",1
"periodicas",1
"perseguindo",1
"portanto",1
"praticar",1
"prevendo",1
"probabilidade",1
"psicologico",1
"psicologo",1
"quantos",1
"quina",1
"recuperar",1
"reduzi",1
"repete",1
"rural",1
"satisfatorias",1
"satisfaz",1
"seita",1
"senegaleses",1
"sentindo",1
"suplicio",1
"tabaco",1
"tecnicas",1
"trecho",1
"unificarem",1
"uno",1
"usado",1
"usavam",1
"vincados",1
"vistas",1
"vital",1
"voto",1
"acapulco",1
"afif",1
"anthony",1
"artesanato",1
"azul",1
"boiava",1
"bola",1
"cais",1
"capital",1
"cavam",1
"cenarios",1
"construindo",1
"duo",1
"farda",1
"feche",1
"fuma",1
"grupamentos",1
"incluindo",1
"liminar",1
"maio",1
"mala",1
"manda",1
"marc",1
"matando",1
"namorar",1
"per",1
"praca",1
"prega",1
"pulado",1
"reformar",1
"regimento",1
"reserva",1
"respondem",1
"rolo",1
"sabio",1
"sede",1
"som",1
"torcer",1
"venda",1
"compra",1
"deixado",1
"diadia",1
"discutido",1
"entendedora",1
"estao",1
"hamburgueria",1
"iam",1
"leiga",1
"lembro",1
"oportuinidades",1
"perguntava",1
"supermegados",1
"tomando",1
"atestado",1
"comecando",1
"opniao",1
"pega",1
"prejuiso",1
"renata",1
"super",1
"tobo",1
"visar",1
"assinamos",1
"barro",1
"fale",1
"finais",1
"olha",1
"vim",1
"abriu",1
"camarada",1
"colhemos",1
"costurar",1
"desenho",1
"esquema",1
"fixa",1
"gina",1
"grandao",1
"grosso",1
"modo",1
"negocinho",1
"pensando",1
"piscina",1
"preciso",1
"precos",1
"promocao",1
"prontinha",1
"puxou",1
"raciocinio",1
"saco",1
"sair",1
"tecidos",1
"verno",1
"conecta",1
"contrario",1
"disponiveis",1
"industrias",1
"lane",1
"latada",1
"machine",1
"nisso",1
"ordem",1
"potencial",1
"servir",1
"tamem",1
"uti",1
"abertos",1
"abre",1
"aplicadas",1
"bracal",1
"concorrencia",1
"evolutivo",1
"historico",1
"inicialmente",1
"misterio",1
"pura",1
"substituisse",1
"abordou",1
"bonecas",1
"citou",1
"cotacao",1
"dedico",1
"doces",1
"ficavam",1
"lastro",1
"lele",1
"mandando",1
"marchas",1
"masculinos",1
"matao",1
"nacional",1
"poucas",1
"pregacao",1
"prova",1
"resto",1
"serio",1
"sesap",1
"suma",1
"tira",1
"verdades",1
"estranhamente",1
"mania",1
"prioridade",1
"substituto",1
"crivel",1
"diminui",1
"equilibrio",1
"exigirem",1
"fins",1
"fome",1
"formar",1
"luiz",1
"morar",1
"morrer",1
"muda",1
"populacao",1
"pouca",1
"poucos",1
"sobrevivencia",1
"sobreviver",1
"arrumar",1
"avanca",1
"bebe",1
"cabe",1
"criarem",1
"existiam",1
"han",1
"maneira",1
"passo",1
"posicao",1
"tam",1
"acampar",1
"apropriadores",1
"aumentos",1
"conheci",1
"fico",1
"franciscano",1
"passada",1
"pena",1
"pensamentos",1
"sergio",1
"superdotadas",1
"teses",1
"vale",1
"credtica",1
"cunha",1
"enxerga",1
"percepeeo",1
"puto",1
"reparar",1
"trabalhopar",1
"triste",1
"aspirador",1
"avaneo",1
"cantos",1
"cataeeo",1
"cheo",1
"facilidadepar",1
"faxineira",1
"fazem",1
"intenso",1
"robf",1
"substitueddo",1
"varreu",1
"alf",1
"bumbum",1
"cadaveroso",1
"ciente",1
"condicionada",1
"enteo",1
"enxergam",1
"este",1
"lavar",1
"lecce",1
"louea",1
"luta",1
"parar",1
"pegas",1
"pensarpar",1
"plano",1
"senhor",1
"televiseo",1
"vocea",1
"ahm",1
"concerteza",1
"delay",1
"harmonia",1
"interligencia",1
"subistituir",1
"afeta",1
"afetados",1
"afirma",1
"agir",1
"alavancar",1
"analista",1
"aponta",1
"apontam",1
"ashton",1
"atingida",1
"avancada",1
"baixa",1
"baixo",1
"carente",1
"cenario",1
"cincos",1
"comecara",1
"comercial",1
"compara",1
"concluiu",1
"cosmeticos",1
"crescente",1
"criara",1
"curar",1
"cursos",1
"curto",1
"dependera",1
"despercebidas",1
"digamos",1
"diretor",1
"distribuicoes",1
"dolar",1
"educacao",1
"empregados",1
"entrada",1
"especializadas",1
"executiva",1
"exito",1
"experiencias",1
"experientes",1
"farmacia",1
"fortemente",1
"imagina",1
"importantes",1
"inovacoes",1
"integracao",1
"inteligencias",1
"intensivas",1
"inter",1
"interrompidas",1
"levanta",1
"linhas",1
"manning",1
"manos",1
"manufatura",1
"melhora",1
"minar",1
"negocio",1
"operadores",1
"otimizar",1
"passam",1
"passara",1
"passaram",1
"positiva",1
"praticos",1
"precisarao",1
"presidente",1
"prodigio",1
"produtividade",1
"protoplasmatica",1
"provao",1
"qualificacao",1
"realizadas",1
"recuperacao",1
"recuperara",1
"reinvestir",1
"relatorio",1
"removeu",1
"render",1
"rotina",1
"rotineira",1
"saude",1
"seguindo",1
"segunda",1
"seguram",1
"semanal",1
"setores",1
"sirva",1
"sombria",1
"substituilos",1
"superiores",1
"surpreendente",1
"tecnologicos",1
"temporario",1
"tentaram",1
"tomate",1
"trabalhistas",1
"transacionais",1
"transicao",1
"treinamentos",1
"trilhoes",1
"varejo",1
"variar",1
"variavel",1
"variedade",1
"vendedores",1
"vice",1
"abside",1
"absinto",1
"acabou",1
"acreditavam",1
"afirmacao",1
"ameaca",1
"analisou",1
"analistas",1
"ansia",1
"anual",1
"atendentes",1
"atores",1
"automotivos",1
"autor",1
"aversao",1
"baratos",1
"branco",1
"cabeca",1
"classe",1
"colarinho",1
"comprar",1
"corre",1
"correio",1
"correm",1
"corretor",1
"corretores",1
"elaborou",1
"eletronicos",1
"encarregados",1
"enviar",1
"equipamentos",1
"escrito",1
"estimar",1
"estudioso",1
"exigisse",1
"fase",1
"ficando",1
"franco",1
"imenso",1
"klaus",1
"lendo",1
"libras",1
"liderar",1
"livro",1
"materia",1
"materias",1
"metodologia",1
"milhatarca",1
"minas",1
"mortos",1
"mune",1
"nis",1
"normalmente",1
"nutrientes",1
"ocupacao",1
"permite",1
"pesquisador",1
"podiam",1
"pontuacao",1
"preve",1
"primeiro",1
"pude",1
"pulsos",1
"ranking",1
"recentemente",1
"recorrer",1
"reino",1
"remuneracao",1
"rumor",1
"setecentos",1
"sofisticou",1
"substituirao",1
"superior",1
"tegao",1
"topo",1
"traducao",1
"tratar",1
"unido",1
"utilidades",1
"volume",1
"acelerar",1
"adicionais",1
"adotaram",1
"advogando",1
"agricultores",1
"aluno",1
"analisa",1
"andar",1
"aparecer",1
"aproveitou",1
"aproximar",1
"arco",1
"artigos",1
"arvores",1
"atual",1
"automobilistico",1
"automobilisticos",1
"auxiliando",1
"baixos",1
"bibliografica",1
"brilhante",1
"caminhos",1
"canal",1
"carteira",1
"catering",1
"cedo",1
"centenas",1
"center",1
"chamar",1
"chegando",1
"cidades",1
"cientifica",1
"cientificos",1
"clinicos",1
"concer",1
"conseguindo",1
"constroi",1
"construiram",1
"contemplou",1
"continuamente",1
"criada",1
"cruzamento",1
"dara",1
"dente",1
"dera",1
"desenvolvido",1
"destroco",1
"dez",1
"dezoito",1
"diagnostica",1
"drogas",1
"ecologia",1
"empreendimentos",1
"encontre",1
"enfermeiras",1
"entendimento",1
"espaco",1
"esquecam",1
"esquino",1
"estacao",1
"estados",1
"estancia",1
"estara",1
"estudo",1
"exatidao",1
"executada",1
"exponencialmente",1
"fadada",1
"falas",1
"falhando",1
"fara",1
"farmaceutica",1
"filhos",1
"funcionalidade",1
"gena",1
"genericos",1
"genoma",1
"genomica",1
"grita",1
"hot",1
"hoteis",1
"iene",1
"impactar",1
"indice",1
"iniciada",1
"inimigo",1
"italia",1
"jamais",1
"jia",1
"literatura",1
"lon",1
"medicamentos",1
"memorial",1
"meses",1
"milhares",1
"minuciosa",1
"minutos",1
"morrem",1
"mudara",1
"nessas",1
"nicho",1
"oculus",1
"orgao",1
"otan",1
"paises",1
"parceria",1
"parques",1
"patentes",1
"pergunte",1
"permanecerao",1
"pesquisadores",1
"pia",1
"piamente",1
"plantar",1
"poderao",1
"ponderar",1
"possiveis",1
"problemas",1
"profissional",1
"proprietarios",1
"proteinas",1
"publico",1
"rapidamente",1
"regis",1
"resultado",1
"reus",1
"revisao",1
"revolucionaria",1
"rodas",1
"rubor",1
"salvar",1
"salvara",1
"segue",1
"semanas",1
"setenta",1
"sobra",1
"sofas",1
"tatica",1
"terapias",1
"testada",1
"tom",1
"tratamento",1
"treinado",1
"tumor",1
"tumores",1
"turano",1
"unificada",1
"valores",1
"watson",1
"waze",1
"york",1
"produzida",1
"similar",1
"filho",1
"novidades",1
"pondo",1
"salao",1
"ado",1
"apresente",1
"aquece",1
"automatizar",1
"bale",1
"bois",1
"caixao",1
"caro",1
"cedeu",1
"cidadao",1
"cimentos",1
"creio",1
"criador",1
"descendo",1
"destruida",1
"empregado",1
"especializacao",1
"especializar",1
"esto",1
"extras",1
"facam",1
"fechado",1
"ficara",1
"focar",1
"inicial",1
"jargao",1
"joao",1
"mae",1
"mantedor",1
"manu",1
"nasceu",1
"obrigado",1
"para",1
"peca",1
"pitar",1
"poisa",1
"pouquinho",1
"presenteou",1
"produz",1
"programa",1
"pronunciacao",1
"qualificar",1
"quilombos",1
"reduzia",1
"reinar",1
"ruas",1
"seguramente",1
"seio",1
"sensivel",1
"upas",1
"vendeu",1
"vera",1
"ajude",1
"aspas",1
"balanceamento",1
"descartadas",1
"elisao",1
"ensina",1
"escrita",1
"estipe",1
"hangar",1
"jeito",1
"mal",1
"miss",1
"omt",1
"precisam",1
"profissao",1
"regra",1
"sica",1
"temem",1
"interiores",1
"marca",1
"que",1
"exige",1
"rmpttwaopuswav",1
"audioflac",1
"vinho",1
"envolvendo",1
"eric",1
"moda",1
"precisamos",1
"repetitivo",1
"tarefa",1
"formate",1
"receptivos",1
"substituo",1
"empresas""",1
"adornos",1
"airbus",1
"banho",1
"deixam",1
"havana",1
"martelar",1
"oscar",1
"pauliceia",1
"pedem",1
"sinal",1
"vita",1
"zinho",1
"acreditam",1
"cessou",1
"comarca",1
"contar",1
"neto",1
"situacao",1
